date,source,medium,country,sessions,transactions,revenue,users,bounces
2025-02-02,google,cpc,IT,372,2,122.85,334,162
2025-02-02,meta,social,FR,56,1,325.74,50,26
2025-02-02,email,email,IT,237,0,0.0,213,58
2025-02-02,direct,none,FR,92,0,0.0,82,21
2025-02-03,google,cpc,FR,311,3,280.57,279,176
2025-02-03,meta,social,ES,276,1,78.15,248,114
2025-02-03,email,email,FR,148,0,0.0,133,31
2025-02-03,direct,none,ES,320,2,503.37,288,185
2025-02-04,google,cpc,ES,260,1,370.63,234,105
2025-02-04,meta,social,FR,66,1,166.66,59,25
2025-02-04,email,email,FR,375,3,1004.24,337,149
2025-02-04,direct,none,ES,38,1,138.34,34,14
2025-02-05,google,cpc,FR,226,0,0.0,203,123
2025-02-05,meta,social,ES,205,1,268.89,184,92
2025-02-05,email,email,FR,244,1,92.5,219,134
2025-02-05,direct,none,ES,331,1,158.76,297,172
2025-02-06,google,cpc,ES,302,1,397.29,271,109
2025-02-06,meta,social,IT,275,1,228.11,247,157
2025-02-06,email,email,FR,144,0,0.0,129,55
2025-02-06,direct,none,IT,280,0,0.0,252,139
2025-02-07,google,cpc,ES,232,2,287.02,208,77
2025-02-07,meta,social,IT,316,3,1058.52,284,189
2025-02-07,email,email,FR,298,1,354.36,268,104
2025-02-07,direct,none,IT,142,0,0.0,127,60
2025-02-08,google,cpc,IT,42,1,296.83,37,13
2025-02-08,meta,social,FR,273,0,0.0,245,159
2025-02-08,email,email,ES,71,1,55.37,63,29
2025-02-08,direct,none,IT,229,0,0.0,206,125
2025-02-09,google,cpc,IT,193,1,277.44,173,86
2025-02-09,meta,social,ES,182,1,355.33,163,82
2025-02-09,email,email,FR,136,1,392.42,122,67
2025-02-09,direct,none,IT,380,3,324.68,342,208
2025-02-10,google,cpc,IT,34,0,0.0,30,7
2025-02-10,meta,social,ES,309,1,109.49,278,146
2025-02-10,email,email,FR,274,0,0.0,246,154
2025-02-10,direct,none,IT,150,0,0.0,135,57
2025-02-11,google,cpc,IT,167,0,0.0,150,78
2025-02-11,meta,social,IT,373,2,239.45,335,111
2025-02-11,email,email,IT,312,2,794.88,280,107
2025-02-11,direct,none,FR,31,1,146.07,27,18
2025-02-12,google,cpc,FR,371,0,0.0,333,189
2025-02-12,meta,social,ES,137,1,126.65,123,60
2025-02-12,email,email,IT,341,0,0.0,306,81
2025-02-12,direct,none,IT,37,0,0.0,33,15
2025-02-13,google,cpc,FR,187,0,0.0,168,93
2025-02-13,meta,social,IT,159,1,369.92,143,84
2025-02-13,email,email,ES,78,0,0.0,70,30
2025-02-13,direct,none,FR,366,3,1165.63,329,179
2025-02-14,google,cpc,FR,207,1,54.87,186,48
2025-02-14,meta,social,ES,319,2,175.84,287,112
2025-02-14,email,email,FR,187,0,0.0,168,105
2025-02-14,direct,none,ES,257,1,277.23,231,144
2025-02-15,google,cpc,IT,91,0,0.0,81,19
2025-02-15,meta,social,FR,89,1,284.67,80,31
2025-02-15,email,email,IT,400,3,837.67,360,196
2025-02-15,direct,none,IT,335,2,122.9,301,121
2025-02-16,google,cpc,ES,131,0,0.0,117,49
2025-02-16,meta,social,IT,51,0,0.0,45,18
2025-02-16,email,email,ES,325,0,0.0,292,191
2025-02-16,direct,none,FR,84,0,0.0,75,43
2025-02-17,google,cpc,ES,126,0,0.0,113,54
2025-02-17,meta,social,ES,94,1,329.48,84,55
2025-02-17,email,email,ES,203,0,0.0,182,104
2025-02-17,direct,none,FR,109,0,0.0,98,33
2025-02-18,google,cpc,IT,78,1,206.9,70,38
2025-02-18,meta,social,FR,133,0,0.0,119,76
2025-02-18,email,email,ES,51,1,199.2,45,30
2025-02-18,direct,none,ES,271,1,75.72,243,131
2025-02-19,google,cpc,FR,184,0,0.0,165,81
2025-02-19,meta,social,FR,215,2,306.43,193,128
2025-02-19,email,email,ES,355,1,200.52,319,163
2025-02-19,direct,none,FR,231,1,189.56,207,77
2025-02-20,google,cpc,IT,68,1,282.79,61,22
2025-02-20,meta,social,ES,54,0,0.0,48,12
2025-02-20,email,email,IT,304,2,569.01,273,68
2025-02-20,direct,none,FR,201,1,353.83,180,110
2025-02-21,google,cpc,FR,46,1,173.08,41,27
2025-02-21,meta,social,IT,134,1,345.88,120,72
2025-02-21,email,email,FR,239,2,529.5,215,128
2025-02-21,direct,none,IT,305,2,120.27,274,64
2025-02-22,google,cpc,ES,379,2,345.72,341,191
2025-02-22,meta,social,FR,55,0,0.0,49,14
2025-02-22,email,email,FR,100,1,321.89,90,34
2025-02-22,direct,none,FR,325,0,0.0,292,76
2025-02-23,google,cpc,IT,45,1,205.09,40,21
2025-02-23,meta,social,ES,130,0,0.0,117,65
2025-02-23,email,email,FR,289,0,0.0,260,134
2025-02-23,direct,none,ES,48,1,380.86,43,9
2025-02-24,google,cpc,FR,150,0,0.0,135,47
2025-02-24,meta,social,FR,380,2,150.45,342,110
2025-02-24,email,email,IT,180,1,298.32,162,77
2025-02-24,direct,none,ES,168,0,0.0,151,41
2025-02-25,google,cpc,ES,336,2,161.69,302,129
2025-02-25,meta,social,ES,60,1,311.03,54,21
2025-02-25,email,email,IT,344,1,367.07,309,84
2025-02-25,direct,none,ES,199,0,0.0,179,97
2025-02-26,google,cpc,FR,151,0,0.0,135,42
2025-02-26,meta,social,IT,272,2,631.91,244,104
2025-02-26,email,email,ES,339,2,205.67,305,111
2025-02-26,direct,none,FR,260,1,328.72,234,97
2025-02-27,google,cpc,IT,48,0,0.0,43,16
2025-02-27,meta,social,FR,59,0,0.0,53,27
2025-02-27,email,email,IT,250,2,556.29,225,140
2025-02-27,direct,none,IT,329,1,385.2,296,128
2025-02-28,google,cpc,ES,72,1,393.83,64,37
2025-02-28,meta,social,FR,382,3,700.27,343,143
2025-02-28,email,email,ES,218,1,287.61,196,79
2025-02-28,direct,none,FR,343,0,0.0,308,157
2025-03-01,google,cpc,FR,367,2,606.61,330,130
2025-03-01,meta,social,IT,190,0,0.0,171,44
2025-03-01,email,email,IT,86,0,0.0,77,37
2025-03-01,direct,none,FR,349,1,284.54,314,180
2025-03-02,google,cpc,IT,370,0,0.0,333,209
2025-03-02,meta,social,IT,112,1,381.68,100,65
2025-03-02,email,email,FR,59,0,0.0,53,18
2025-03-02,direct,none,FR,398,0,0.0,358,220
2025-03-03,google,cpc,FR,87,0,0.0,78,38
2025-03-03,meta,social,FR,389,3,532.51,350,145
2025-03-03,email,email,IT,249,0,0.0,224,73
2025-03-03,direct,none,IT,119,1,211.59,107,41
2025-03-04,google,cpc,ES,215,1,388.19,193,86
2025-03-04,meta,social,ES,46,1,244.09,41,20
2025-03-04,email,email,FR,165,0,0.0,148,38
2025-03-04,direct,none,ES,95,0,0.0,85,50
2025-03-05,google,cpc,IT,250,0,0.0,225,138
2025-03-05,meta,social,FR,211,1,375.79,189,61
2025-03-05,email,email,ES,39,1,293.63,35,12
2025-03-05,direct,none,ES,381,0,0.0,342,147
2025-03-06,google,cpc,FR,151,0,0.0,135,43
2025-03-06,meta,social,FR,141,0,0.0,126,45
2025-03-06,email,email,FR,275,0,0.0,247,120
2025-03-06,direct,none,FR,143,1,200.23,128,69
2025-03-07,google,cpc,FR,200,1,115.56,180,59
2025-03-07,meta,social,IT,289,2,487.91,260,120
2025-03-07,email,email,ES,211,0,0.0,189,63
2025-03-07,direct,none,FR,196,0,0.0,176,58
2025-03-08,google,cpc,FR,190,1,241.1,171,48
2025-03-08,meta,social,ES,376,1,334.02,338,147
2025-03-08,email,email,IT,170,0,0.0,153,47
2025-03-08,direct,none,FR,178,1,138.66,160,72
2025-03-09,google,cpc,IT,117,0,0.0,105,36
2025-03-09,meta,social,ES,224,1,168.66,201,111
2025-03-09,email,email,FR,156,1,77.62,140,81
2025-03-09,direct,none,IT,112,1,85.91,100,46
2025-03-10,google,cpc,IT,358,3,782.75,322,113
2025-03-10,meta,social,IT,41,1,265.2,36,20
2025-03-10,email,email,FR,58,1,177.16,52,27
2025-03-10,direct,none,FR,367,0,0.0,330,96
2025-03-11,google,cpc,ES,367,0,0.0,330,188
2025-03-11,meta,social,IT,310,1,287.67,279,66
2025-03-11,email,email,IT,90,1,160.03,81,37
2025-03-11,direct,none,IT,147,0,0.0,132,85
2025-03-12,google,cpc,IT,285,2,182.43,256,101
2025-03-12,meta,social,ES,166,1,120.06,149,79
2025-03-12,email,email,FR,64,1,283.74,57,33
2025-03-12,direct,none,ES,53,1,361.97,47,22
2025-03-13,google,cpc,FR,384,1,327.79,345,185
2025-03-13,meta,social,FR,141,0,0.0,126,72
2025-03-13,email,email,IT,86,0,0.0,77,38
2025-03-13,direct,none,FR,387,3,957.62,348,188
2025-03-14,google,cpc,IT,57,1,274.82,51,14
2025-03-14,meta,social,ES,302,1,318.72,271,137
2025-03-14,email,email,IT,83,1,107.63,74,33
2025-03-14,direct,none,IT,383,2,692.15,344,111
2025-03-15,google,cpc,IT,120,1,93.81,108,54
2025-03-15,meta,social,FR,323,1,109.92,290,186
2025-03-15,email,email,FR,41,0,0.0,36,21
2025-03-15,direct,none,IT,315,1,318.44,283,96
2025-03-16,google,cpc,FR,336,3,1083.45,302,153
2025-03-16,meta,social,ES,145,1,154.1,130,75
2025-03-16,email,email,IT,267,1,262.33,240,103
2025-03-16,direct,none,ES,387,2,782.76,348,126
2025-03-17,google,cpc,IT,209,0,0.0,188,84
2025-03-17,meta,social,IT,69,1,352.46,62,15
2025-03-17,email,email,ES,187,1,116.44,168,107
2025-03-17,direct,none,IT,275,1,224.57,247,164
2025-03-18,google,cpc,ES,274,1,226.91,246,57
2025-03-18,meta,social,ES,164,1,150.01,147,65
2025-03-18,email,email,IT,392,3,534.23,352,135
2025-03-18,direct,none,IT,46,0,0.0,41,19
2025-03-19,google,cpc,IT,57,1,317.54,51,20
2025-03-19,meta,social,IT,80,0,0.0,72,20
2025-03-19,email,email,ES,121,1,225.03,108,53
2025-03-19,direct,none,FR,39,1,331.39,35,9
2025-03-20,google,cpc,FR,253,2,197.85,227,65
2025-03-20,meta,social,FR,398,2,455.12,358,213
2025-03-20,email,email,ES,263,1,165.93,236,138
2025-03-20,direct,none,FR,233,2,710.47,209,101
2025-03-21,google,cpc,FR,33,1,388.47,29,14
2025-03-21,meta,social,IT,265,2,604.83,238,71
2025-03-21,email,email,IT,313,0,0.0,281,181
2025-03-21,direct,none,IT,180,1,291.68,162,66
2025-03-22,google,cpc,FR,276,1,355.49,248,140
2025-03-22,meta,social,IT,126,1,233.92,113,53
2025-03-22,email,email,ES,195,1,263.53,175,81
2025-03-22,direct,none,IT,146,1,128.7,131,45
2025-03-23,google,cpc,IT,167,1,160.96,150,80
2025-03-23,meta,social,IT,167,1,363.52,150,41
2025-03-23,email,email,IT,168,0,0.0,151,36
2025-03-23,direct,none,FR,355,3,374.69,319,107
2025-03-24,google,cpc,FR,158,1,98.05,142,90
2025-03-24,meta,social,ES,362,1,273.28,325,203
2025-03-24,email,email,FR,71,0,0.0,63,33
2025-03-24,direct,none,ES,100,1,217.11,90,36
2025-03-25,google,cpc,ES,167,0,0.0,150,54
2025-03-25,meta,social,ES,109,0,0.0,98,40
2025-03-25,email,email,ES,115,1,356.86,103,66
2025-03-25,direct,none,IT,172,0,0.0,154,73
2025-03-26,google,cpc,ES,165,1,361.24,148,62
2025-03-26,meta,social,FR,77,1,276.9,69,25
2025-03-26,email,email,FR,310,1,111.42,279,145
2025-03-26,direct,none,IT,227,2,329.55,204,120
2025-03-27,google,cpc,ES,362,1,217.11,325,86
2025-03-27,meta,social,FR,156,1,253.86,140,90
2025-03-27,email,email,IT,51,1,157.38,45,23
2025-03-27,direct,none,FR,371,2,583.2,333,148
2025-03-28,google,cpc,ES,171,0,0.0,153,59
2025-03-28,meta,social,FR,211,2,738.96,189,77
2025-03-28,email,email,FR,368,0,0.0,331,184
2025-03-28,direct,none,FR,380,0,0.0,342,130
2025-03-29,google,cpc,IT,278,2,204.9,250,78
2025-03-29,meta,social,IT,387,0,0.0,348,167
2025-03-29,email,email,FR,232,0,0.0,208,88
2025-03-29,direct,none,ES,177,1,139.06,159,86
2025-03-30,google,cpc,FR,131,0,0.0,117,56
2025-03-30,meta,social,ES,261,1,112.99,234,55
2025-03-30,email,email,IT,211,1,206.99,189,125
2025-03-30,direct,none,ES,212,2,712.19,190,49
2025-03-31,google,cpc,FR,354,0,0.0,318,192
2025-03-31,meta,social,FR,21,1,212.05,18,10
2025-03-31,email,email,FR,146,0,0.0,131,56
2025-03-31,direct,none,ES,77,1,265.22,69,16
2025-04-01,google,cpc,IT,143,0,0.0,128,40
2025-04-01,meta,social,FR,145,1,203.64,130,71
2025-04-01,email,email,FR,91,1,131.96,81,36
2025-04-01,direct,none,ES,314,2,265.83,282,102
2025-04-02,google,cpc,ES,358,3,465.53,322,146
2025-04-02,meta,social,IT,340,3,199.23,306,160
2025-04-02,email,email,IT,183,1,102.23,164,87
2025-04-02,direct,none,ES,114,1,134.34,102,57
2025-04-03,google,cpc,ES,173,0,0.0,155,93
2025-04-03,meta,social,IT,291,0,0.0,261,73
2025-04-03,email,email,IT,67,0,0.0,60,27
2025-04-03,direct,none,ES,364,0,0.0,327,160
2025-04-04,google,cpc,IT,320,1,217.79,288,156
2025-04-04,meta,social,IT,117,0,0.0,105,68
2025-04-04,email,email,IT,223,2,325.13,200,126
2025-04-04,direct,none,IT,214,2,351.48,192,82
2025-04-05,google,cpc,FR,204,1,213.1,183,82
2025-04-05,meta,social,ES,209,0,0.0,188,67
2025-04-05,email,email,ES,319,3,459.95,287,137
2025-04-05,direct,none,FR,188,0,0.0,169,54
2025-04-06,google,cpc,FR,370,3,1164.83,333,123
2025-04-06,meta,social,FR,106,1,114.42,95,27
2025-04-06,email,email,FR,37,0,0.0,33,19
2025-04-06,direct,none,FR,44,1,98.12,39,22
2025-04-07,google,cpc,FR,138,0,0.0,124,31
2025-04-07,meta,social,ES,361,3,842.25,324,207
2025-04-07,email,email,IT,28,1,237.51,25,11
2025-04-07,direct,none,ES,28,1,332.16,25,11
2025-04-08,google,cpc,FR,74,0,0.0,66,41
2025-04-08,meta,social,ES,223,1,210.65,200,51
2025-04-08,email,email,IT,354,0,0.0,318,211
2025-04-08,direct,none,FR,213,0,0.0,191,89
2025-04-09,google,cpc,IT,107,1,275.72,96,24
2025-04-09,meta,social,FR,290,0,0.0,261,164
2025-04-09,email,email,FR,58,1,364.76,52,27
2025-04-09,direct,none,ES,356,2,110.96,320,75
2025-04-10,google,cpc,IT,320,3,1125.32,288,82
2025-04-10,meta,social,FR,366,2,368.69,329,204
2025-04-10,email,email,IT,276,1,68.79,248,137
2025-04-10,direct,none,FR,138,1,261.81,124,73
2025-04-11,google,cpc,IT,324,2,120.74,291,116
2025-04-11,meta,social,FR,202,1,201.15,181,85
2025-04-11,email,email,ES,171,0,0.0,153,88
2025-04-11,direct,none,IT,214,2,207.99,192,103
2025-04-12,google,cpc,IT,182,0,0.0,163,62
2025-04-12,meta,social,FR,87,1,207.1,78,20
2025-04-12,email,email,IT,201,2,518.63,180,84
2025-04-12,direct,none,ES,217,1,185.73,195,44
2025-04-13,google,cpc,ES,391,1,250.19,351,219
2025-04-13,meta,social,IT,174,0,0.0,156,53
2025-04-13,email,email,IT,204,0,0.0,183,61
2025-04-13,direct,none,IT,324,3,262.32,291,144
2025-04-14,google,cpc,IT,23,1,344.56,20,13
2025-04-14,meta,social,ES,240,2,781.96,216,126
2025-04-14,email,email,IT,265,1,389.05,238,86
2025-04-14,direct,none,ES,396,3,1166.15,356,189
2025-04-15,google,cpc,FR,186,1,177.76,167,65
2025-04-15,meta,social,IT,369,0,0.0,332,187
2025-04-15,email,email,ES,374,3,856.63,336,85
2025-04-15,direct,none,FR,344,2,561.06,309,110
2025-04-16,google,cpc,FR,236,0,0.0,212,121
2025-04-16,meta,social,IT,374,0,0.0,336,137
2025-04-16,email,email,FR,346,0,0.0,311,195
2025-04-16,direct,none,FR,360,0,0.0,324,123
2025-04-17,google,cpc,IT,366,2,776.0,329,167
2025-04-17,meta,social,FR,281,2,506.36,252,140
2025-04-17,email,email,ES,367,1,170.74,330,159
2025-04-17,direct,none,ES,267,1,372.19,240,64
2025-04-18,google,cpc,IT,79,0,0.0,71,42
2025-04-18,meta,social,IT,198,1,302.7,178,77
2025-04-18,email,email,ES,31,0,0.0,27,16
2025-04-18,direct,none,IT,399,1,243.17,359,118
2025-04-19,google,cpc,IT,306,3,393.45,275,113
2025-04-19,meta,social,IT,222,2,718.17,199,46
2025-04-19,email,email,FR,125,0,0.0,112,38
2025-04-19,direct,none,IT,115,0,0.0,103,39
2025-04-20,google,cpc,FR,363,2,517.88,326,197
2025-04-20,meta,social,IT,254,2,594.19,228,113
2025-04-20,email,email,IT,180,1,90.93,162,44
2025-04-20,direct,none,ES,375,3,589.15,337,96
2025-04-21,google,cpc,FR,314,1,220.33,282,110
2025-04-21,meta,social,IT,304,2,198.21,273,81
2025-04-21,email,email,FR,24,0,0.0,21,9
2025-04-21,direct,none,IT,278,1,289.64,250,128
2025-04-22,google,cpc,FR,383,3,325.62,344,205
2025-04-22,meta,social,IT,36,1,108.87,32,11
2025-04-22,email,email,FR,301,0,0.0,270,121
2025-04-22,direct,none,IT,207,0,0.0,186,86
2025-04-23,google,cpc,FR,299,1,85.85,269,85
2025-04-23,meta,social,ES,250,0,0.0,225,76
2025-04-23,email,email,ES,372,3,324.28,334,126
2025-04-23,direct,none,FR,125,0,0.0,112,65
2025-04-24,google,cpc,FR,163,0,0.0,146,71
2025-04-24,meta,social,IT,367,1,386.97,330,193
2025-04-24,email,email,IT,379,1,101.19,341,207
2025-04-24,direct,none,FR,146,1,221.31,131,73
2025-04-25,google,cpc,ES,343,3,543.93,308,105
2025-04-25,meta,social,IT,226,1,293.15,203,91
2025-04-25,email,email,IT,21,0,0.0,18,11
2025-04-25,direct,none,FR,345,2,695.07,310,160
2025-04-26,google,cpc,IT,223,1,338.7,200,64
2025-04-26,meta,social,FR,300,3,977.72,270,129
2025-04-26,email,email,ES,255,0,0.0,229,52
2025-04-26,direct,none,FR,239,2,736.59,215,67
2025-04-27,google,cpc,IT,174,1,82.67,156,45
2025-04-27,meta,social,ES,46,1,304.1,41,16
2025-04-27,email,email,ES,20,0,0.0,18,5
2025-04-27,direct,none,IT,285,0,0.0,256,134
2025-04-28,google,cpc,IT,81,1,292.91,72,48
2025-04-28,meta,social,ES,72,1,98.0,64,23
2025-04-28,email,email,IT,291,2,555.01,261,123
2025-04-28,direct,none,FR,199,0,0.0,179,97
2025-04-29,google,cpc,ES,371,1,80.34,333,139
2025-04-29,meta,social,ES,199,1,326.88,179,116
2025-04-29,email,email,FR,327,2,645.28,294,143
2025-04-29,direct,none,FR,33,1,121.91,29,17
2025-04-30,google,cpc,ES,280,1,153.44,252,77
2025-04-30,meta,social,FR,273,0,0.0,245,96
2025-04-30,email,email,FR,204,0,0.0,183,117
2025-04-30,direct,none,IT,235,2,220.94,211,81
2025-05-01,google,cpc,ES,57,0,0.0,51,11
2025-05-01,meta,social,IT,279,2,450.73,251,87
2025-05-01,email,email,IT,294,0,0.0,264,122
2025-05-01,direct,none,ES,60,0,0.0,54,24
2025-05-02,google,cpc,FR,294,2,544.01,264,97
2025-05-02,meta,social,ES,393,1,70.27,353,228
2025-05-02,email,email,FR,331,1,91.81,297,73
2025-05-02,direct,none,IT,90,0,0.0,81,43
2025-05-03,google,cpc,IT,287,2,281.47,258,116
2025-05-03,meta,social,IT,395,0,0.0,355,219
2025-05-03,email,email,ES,341,3,686.32,306,78
2025-05-03,direct,none,IT,275,0,0.0,247,149
2025-05-04,google,cpc,FR,72,0,0.0,64,40
2025-05-04,meta,social,ES,145,1,184.04,130,31
2025-05-04,email,email,ES,303,3,385.74,272,157
2025-05-04,direct,none,ES,233,1,144.94,209,131
2025-05-05,google,cpc,FR,312,0,0.0,280,108
2025-05-05,meta,social,FR,258,1,164.56,232,140
2025-05-05,email,email,FR,308,1,212.37,277,158
2025-05-05,direct,none,FR,272,0,0.0,244,162
2025-05-06,google,cpc,FR,145,1,58.37,130,37
2025-05-06,meta,social,FR,191,1,347.15,171,38
2025-05-06,email,email,ES,234,0,0.0,210,92
2025-05-06,direct,none,FR,384,0,0.0,345,119
2025-05-07,google,cpc,FR,231,1,210.46,207,110
2025-05-07,meta,social,ES,346,0,0.0,311,182
2025-05-07,email,email,IT,169,1,374.11,152,51
2025-05-07,direct,none,IT,378,2,322.64,340,201
2025-05-08,google,cpc,FR,139,0,0.0,125,31
2025-05-08,meta,social,ES,258,0,0.0,232,84
2025-05-08,email,email,FR,66,1,339.24,59,17
2025-05-08,direct,none,FR,328,2,203.83,295,70
2025-05-09,google,cpc,FR,147,1,229.71,132,86
2025-05-09,meta,social,FR,35,1,244.58,31,20
2025-05-09,email,email,IT,82,0,0.0,73,16
2025-05-09,direct,none,FR,210,2,158.83,189,99
2025-05-10,google,cpc,ES,152,0,0.0,136,86
2025-05-10,meta,social,IT,67,1,92.88,60,37
2025-05-10,email,email,IT,390,0,0.0,351,139
2025-05-10,direct,none,IT,108,0,0.0,97,36
2025-05-11,google,cpc,IT,96,0,0.0,86,20
2025-05-11,meta,social,FR,64,0,0.0,57,19
2025-05-11,email,email,IT,298,1,323.67,268,154
2025-05-11,direct,none,FR,265,1,170.41,238,110
2025-05-12,google,cpc,IT,277,1,112.94,249,91
2025-05-12,meta,social,FR,49,1,235.3,44,25
2025-05-12,email,email,FR,146,1,236.79,131,67
2025-05-12,direct,none,IT,48,0,0.0,43,24
2025-05-13,google,cpc,FR,201,0,0.0,180,115
2025-05-13,meta,social,FR,322,2,763.29,289,68
2025-05-13,email,email,ES,297,1,63.29,267,96
2025-05-13,direct,none,ES,139,0,0.0,125,61
2025-05-14,google,cpc,IT,189,0,0.0,170,107
2025-05-14,meta,social,FR,50,0,0.0,45,10
2025-05-14,email,email,IT,380,3,765.32,342,219
2025-05-14,direct,none,IT,174,0,0.0,156,57
2025-05-15,google,cpc,FR,347,2,221.94,312,202
2025-05-15,meta,social,FR,134,0,0.0,120,62
2025-05-15,email,email,FR,379,3,1043.29,341,219
2025-05-15,direct,none,FR,36,1,372.36,32,9
2025-05-16,google,cpc,ES,133,0,0.0,119,60
2025-05-16,meta,social,FR,183,0,0.0,164,48
2025-05-16,email,email,IT,25,0,0.0,22,7
2025-05-16,direct,none,IT,151,0,0.0,135,77
2025-05-17,google,cpc,IT,395,1,359.59,355,145
2025-05-17,meta,social,ES,71,0,0.0,63,37
2025-05-17,email,email,ES,183,0,0.0,164,55
2025-05-17,direct,none,ES,212,0,0.0,190,56
2025-05-18,google,cpc,IT,193,1,296.58,173,84
2025-05-18,meta,social,ES,100,1,121.94,90,22
2025-05-18,email,email,ES,155,1,133.14,139,71
2025-05-18,direct,none,IT,221,1,103.76,198,94
2025-05-19,google,cpc,FR,21,1,338.36,18,7
2025-05-19,meta,social,IT,125,1,391.97,112,33
2025-05-19,email,email,FR,261,2,285.5,234,103
2025-05-19,direct,none,IT,298,1,359.92,268,105
2025-05-20,google,cpc,IT,115,1,203.91,103,43
2025-05-20,meta,social,IT,97,0,0.0,87,48
2025-05-20,email,email,IT,136,1,336.44,122,57
2025-05-20,direct,none,ES,294,1,250.45,264,139
2025-05-21,google,cpc,FR,263,1,365.97,236,84
2025-05-21,meta,social,IT,312,1,92.1,280,146
2025-05-21,email,email,FR,118,1,77.43,106,29
2025-05-21,direct,none,FR,242,2,203.51,217,67
2025-05-22,google,cpc,FR,152,0,0.0,136,49
2025-05-22,meta,social,FR,286,0,0.0,257,109
2025-05-22,email,email,ES,232,2,511.55,208,60
2025-05-22,direct,none,FR,74,0,0.0,66,31
2025-05-23,google,cpc,IT,196,1,184.07,176,108
2025-05-23,meta,social,IT,161,1,63.57,144,58
2025-05-23,email,email,IT,157,0,0.0,141,87
2025-05-23,direct,none,FR,179,1,350.38,161,55
2025-05-24,google,cpc,FR,70,0,0.0,63,41
2025-05-24,meta,social,ES,393,0,0.0,353,144
2025-05-24,email,email,ES,284,0,0.0,255,155
2025-05-24,direct,none,FR,53,1,97.48,47,17
2025-05-25,google,cpc,ES,311,1,356.31,279,65
2025-05-25,meta,social,IT,45,0,0.0,40,25
2025-05-25,email,email,IT,368,2,442.15,331,78
2025-05-25,direct,none,IT,110,1,255.41,99,64
2025-05-26,google,cpc,FR,196,1,312.14,176,52
2025-05-26,meta,social,FR,103,0,0.0,92,55
2025-05-26,email,email,ES,282,2,106.23,253,58
2025-05-26,direct,none,FR,351,0,0.0,315,94
2025-05-27,google,cpc,IT,176,1,198.33,158,85
2025-05-27,meta,social,IT,258,2,677.02,232,82
2025-05-27,email,email,ES,307,2,308.93,276,140
2025-05-27,direct,none,IT,266,1,274.21,239,59
2025-05-28,google,cpc,FR,153,1,115.93,137,70
2025-05-28,meta,social,ES,226,2,197.95,203,104
2025-05-28,email,email,FR,234,2,124.72,210,84
2025-05-28,direct,none,ES,312,2,608.58,280,164
2025-05-29,google,cpc,FR,371,3,1101.85,333,153
2025-05-29,meta,social,IT,356,1,152.82,320,196
2025-05-29,email,email,ES,113,1,279.05,101,65
2025-05-29,direct,none,IT,201,1,197.17,180,58
2025-05-30,google,cpc,ES,210,1,212.32,189,63
2025-05-30,meta,social,ES,317,0,0.0,285,183
2025-05-30,email,email,ES,291,0,0.0,261,92
2025-05-30,direct,none,FR,90,1,193.22,81,53
2025-05-31,google,cpc,ES,254,2,226.25,228,65
2025-05-31,meta,social,ES,180,0,0.0,162,81
2025-05-31,email,email,IT,270,0,0.0,243,138
2025-05-31,direct,none,IT,344,3,1163.59,309,127
2025-06-01,google,cpc,ES,22,0,0.0,19,4
2025-06-01,meta,social,ES,117,0,0.0,105,24
2025-06-01,email,email,ES,86,1,108.46,77,20
2025-06-01,direct,none,FR,172,1,304.74,154,99
2025-06-02,google,cpc,IT,288,2,796.83,259,96
2025-06-02,meta,social,ES,104,1,56.69,93,60
2025-06-02,email,email,FR,321,0,0.0,288,128
2025-06-02,direct,none,FR,39,1,319.94,35,13
2025-06-03,google,cpc,FR,44,0,0.0,39,19
2025-06-03,meta,social,IT,233,0,0.0,209,88
2025-06-03,email,email,IT,24,0,0.0,21,7
2025-06-03,direct,none,ES,338,1,196.59,304,149
2025-06-04,google,cpc,ES,281,0,0.0,252,136
2025-06-04,meta,social,IT,287,1,296.2,258,169
2025-06-04,email,email,ES,372,2,264.15,334,213
2025-06-04,direct,none,FR,363,0,0.0,326,85
2025-06-05,google,cpc,ES,272,0,0.0,244,70
2025-06-05,meta,social,ES,349,2,284.89,314,102
2025-06-05,email,email,ES,168,1,199.1,151,57
2025-06-05,direct,none,ES,68,0,0.0,61,36
2025-06-06,google,cpc,IT,359,2,350.27,323,164
2025-06-06,meta,social,IT,210,0,0.0,189,110
2025-06-06,email,email,ES,373,3,831.29,335,201
2025-06-06,direct,none,ES,77,0,0.0,69,19
2025-06-07,google,cpc,FR,73,1,330.79,65,26
2025-06-07,meta,social,IT,333,1,219.08,299,70
2025-06-07,email,email,FR,52,1,54.33,46,15
2025-06-07,direct,none,ES,288,2,606.64,259,146
2025-06-08,google,cpc,FR,362,0,0.0,325,198
2025-06-08,meta,social,ES,96,0,0.0,86,51
2025-06-08,email,email,IT,104,1,162.22,93,23
2025-06-08,direct,none,IT,162,0,0.0,145,35
2025-06-09,google,cpc,FR,226,0,0.0,203,119
2025-06-09,meta,social,ES,181,1,310.83,162,44
2025-06-09,email,email,FR,301,0,0.0,270,60
2025-06-09,direct,none,IT,346,1,279.11,311,111
2025-06-10,google,cpc,IT,194,0,0.0,174,66
2025-06-10,meta,social,ES,262,1,300.57,235,127
2025-06-10,email,email,IT,194,1,241.69,174,66
2025-06-10,direct,none,FR,379,1,222.35,341,91
2025-06-11,google,cpc,ES,400,0,0.0,360,195
2025-06-11,meta,social,ES,130,0,0.0,117,49
2025-06-11,email,email,FR,364,3,630.26,327,158
2025-06-11,direct,none,FR,278,1,51.52,250,70
2025-06-12,google,cpc,IT,44,1,343.59,39,18
2025-06-12,meta,social,FR,374,1,86.24,336,161
2025-06-12,email,email,ES,216,2,741.14,194,79
2025-06-12,direct,none,IT,160,1,389.67,144,57
2025-06-13,google,cpc,FR,88,1,345.08,79,22
2025-06-13,meta,social,IT,343,1,268.46,308,98
2025-06-13,email,email,FR,383,1,226.36,344,176
2025-06-13,direct,none,FR,346,0,0.0,311,113
2025-06-14,google,cpc,FR,265,2,597.09,238,114
2025-06-14,meta,social,IT,236,2,174.53,212,123
2025-06-14,email,email,FR,156,0,0.0,140,78
2025-06-14,direct,none,IT,148,0,0.0,133,38
2025-06-15,google,cpc,IT,124,0,0.0,111,62
2025-06-15,meta,social,FR,134,1,133.16,120,66
2025-06-15,email,email,FR,218,2,318.86,196,79
2025-06-15,direct,none,IT,47,1,121.08,42,9
2025-06-16,google,cpc,FR,135,1,314.29,121,76
2025-06-16,meta,social,ES,170,0,0.0,153,64
2025-06-16,email,email,FR,239,1,95.52,215,74
2025-06-16,direct,none,ES,150,1,298.39,135,30
2025-06-17,google,cpc,FR,40,1,258.91,36,10
2025-06-17,meta,social,IT,313,0,0.0,281,131
2025-06-17,email,email,FR,54,0,0.0,48,27
2025-06-17,direct,none,FR,226,0,0.0,203,53
2025-06-18,google,cpc,FR,189,1,126.46,170,62
2025-06-18,meta,social,FR,78,1,134.12,70,36
2025-06-18,email,email,ES,369,3,1111.73,332,204
2025-06-18,direct,none,FR,217,2,297.98,195,65
2025-06-19,google,cpc,ES,211,2,411.89,189,85
2025-06-19,meta,social,FR,283,0,0.0,254,65
2025-06-19,email,email,IT,363,1,352.73,326,164
2025-06-19,direct,none,ES,73,1,276.3,65,20
2025-06-20,google,cpc,ES,371,3,902.71,333,97
2025-06-20,meta,social,IT,305,1,368.85,274,69
2025-06-20,email,email,FR,181,0,0.0,162,37
2025-06-20,direct,none,ES,388,0,0.0,349,173
2025-06-21,google,cpc,FR,203,0,0.0,182,115
2025-06-21,meta,social,ES,215,2,121.57,193,76
2025-06-21,email,email,FR,299,2,200.85,269,95
2025-06-21,direct,none,FR,393,0,0.0,353,180
2025-06-22,google,cpc,IT,92,0,0.0,82,22
2025-06-22,meta,social,FR,127,1,124.11,114,63
2025-06-22,email,email,ES,133,1,118.01,119,59
2025-06-22,direct,none,FR,363,0,0.0,326,188
2025-06-23,google,cpc,ES,256,0,0.0,230,117
2025-06-23,meta,social,FR,269,1,94.88,242,156
2025-06-23,email,email,FR,119,1,164.92,107,38
2025-06-23,direct,none,IT,176,0,0.0,158,84
2025-06-24,google,cpc,ES,181,0,0.0,162,105
2025-06-24,meta,social,IT,161,0,0.0,144,86
2025-06-24,email,email,FR,176,0,0.0,158,69
2025-06-24,direct,none,ES,61,0,0.0,54,32
2025-06-25,google,cpc,ES,154,0,0.0,138,75
2025-06-25,meta,social,FR,316,1,367.21,284,114
2025-06-25,email,email,ES,261,0,0.0,234,120
2025-06-25,direct,none,FR,321,2,193.72,288,158
2025-06-26,google,cpc,FR,281,1,225.76,252,66
2025-06-26,meta,social,ES,370,1,206.18,333,98
2025-06-26,email,email,IT,396,2,128.29,356,195
2025-06-26,direct,none,FR,138,1,131.91,124,31
2025-06-27,google,cpc,IT,125,1,185.83,112,50
2025-06-27,meta,social,IT,72,1,342.21,64,34
2025-06-27,email,email,IT,354,0,0.0,318,124
2025-06-27,direct,none,IT,134,1,336.03,120,54
2025-06-28,google,cpc,ES,269,2,104.62,242,139
2025-06-28,meta,social,IT,349,1,115.42,314,109
2025-06-28,email,email,FR,232,2,179.34,208,121
2025-06-28,direct,none,IT,265,2,212.87,238,103
2025-06-29,google,cpc,ES,31,0,0.0,27,9
2025-06-29,meta,social,FR,95,1,372.86,85,21
2025-06-29,email,email,ES,346,2,763.08,311,71
2025-06-29,direct,none,ES,249,1,353.56,224,110
2025-06-30,google,cpc,ES,132,0,0.0,118,70
2025-06-30,meta,social,ES,390,3,776.36,351,184
2025-06-30,email,email,FR,28,1,339.28,25,7
2025-06-30,direct,none,FR,69,0,0.0,62,18
2025-07-01,google,cpc,ES,277,0,0.0,249,138
2025-07-01,meta,social,ES,367,3,538.9,330,168
2025-07-01,email,email,FR,215,2,735.5,193,73
2025-07-01,direct,none,ES,314,1,139.08,282,75
2025-07-02,google,cpc,ES,62,1,140.23,55,19
2025-07-02,meta,social,ES,287,0,0.0,258,70
2025-07-02,email,email,FR,74,1,141.46,66,19
2025-07-02,direct,none,FR,236,2,292.89,212,100
2025-07-03,google,cpc,FR,223,1,243.24,200,111
2025-07-03,meta,social,FR,267,1,252.18,240,80
2025-07-03,email,email,FR,137,0,0.0,123,51
2025-07-03,direct,none,FR,225,2,529.82,202,115
2025-07-04,google,cpc,ES,381,3,1162.8,342,84
2025-07-04,meta,social,IT,327,0,0.0,294,122
2025-07-04,email,email,FR,225,2,300.53,202,100
2025-07-04,direct,none,IT,49,0,0.0,44,28
2025-07-05,google,cpc,FR,25,1,118.16,22,7
2025-07-05,meta,social,ES,106,1,133.74,95,49
2025-07-05,email,email,ES,224,1,191.91,201,76
2025-07-05,direct,none,ES,285,2,148.03,256,58
2025-07-06,google,cpc,IT,301,2,343.23,270,94
2025-07-06,meta,social,FR,226,1,111.26,203,97
2025-07-06,email,email,FR,194,1,356.64,174,112
2025-07-06,direct,none,ES,148,1,247.11,133,70
2025-07-07,google,cpc,FR,193,1,288.56,173,112
2025-07-07,meta,social,ES,54,0,0.0,48,19
2025-07-07,email,email,ES,284,2,682.52,255,117
2025-07-07,direct,none,ES,167,1,76.61,150,39
2025-07-08,google,cpc,IT,263,0,0.0,236,85
2025-07-08,meta,social,IT,275,0,0.0,247,136
2025-07-08,email,email,ES,336,0,0.0,302,115
2025-07-08,direct,none,FR,366,3,794.52,329,213
2025-07-09,google,cpc,IT,41,1,267.23,36,22
2025-07-09,meta,social,FR,160,1,189.26,144,63
2025-07-09,email,email,IT,264,0,0.0,237,152
2025-07-09,direct,none,FR,371,3,1175.33,333,189
2025-07-10,google,cpc,FR,285,2,105.89,256,109
2025-07-10,meta,social,IT,205,1,115.5,184,91
2025-07-10,email,email,IT,195,1,198.38,175,67
2025-07-10,direct,none,IT,378,2,698.03,340,189
2025-07-11,google,cpc,FR,250,0,0.0,225,67
2025-07-11,meta,social,FR,140,1,118.62,126,59
2025-07-11,email,email,FR,235,2,461.9,211,93
2025-07-11,direct,none,FR,181,1,137.84,162,93
2025-07-12,google,cpc,IT,44,0,0.0,39,15
2025-07-12,meta,social,IT,191,1,246.12,171,58
2025-07-12,email,email,FR,367,1,251.9,330,214
2025-07-12,direct,none,FR,352,2,348.58,316,146
2025-07-13,google,cpc,ES,281,2,412.85,252,110
2025-07-13,meta,social,FR,94,1,197.64,84,51
2025-07-13,email,email,FR,60,0,0.0,54,15
2025-07-13,direct,none,IT,169,1,144.94,152,81
2025-07-14,google,cpc,IT,205,2,775.87,184,102
2025-07-14,meta,social,FR,392,2,758.31,352,115
2025-07-14,email,email,ES,72,1,241.95,64,17
2025-07-14,direct,none,FR,223,0,0.0,200,91
2025-07-15,google,cpc,ES,99,1,158.28,89,23
2025-07-15,meta,social,FR,87,0,0.0,78,35
2025-07-15,email,email,FR,259,2,754.4,233,152
2025-07-15,direct,none,FR,247,2,477.5,222,62
2025-07-16,google,cpc,FR,325,3,699.63,292,124
2025-07-16,meta,social,IT,296,0,0.0,266,86
2025-07-16,email,email,IT,20,0,0.0,18,8
2025-07-16,direct,none,IT,293,1,381.44,263,59
2025-07-17,google,cpc,FR,173,1,329.29,155,35
2025-07-17,meta,social,ES,116,1,188.16,104,42
2025-07-17,email,email,FR,132,1,268.86,118,40
2025-07-17,direct,none,FR,333,2,299.27,299,174
2025-07-18,google,cpc,ES,292,1,115.8,262,152
2025-07-18,meta,social,IT,253,1,295.17,227,113
2025-07-18,email,email,ES,293,0,0.0,263,61
2025-07-18,direct,none,ES,386,0,0.0,347,144
2025-07-19,google,cpc,IT,27,1,197.09,24,10
2025-07-19,meta,social,IT,189,0,0.0,170,43
2025-07-19,email,email,FR,148,0,0.0,133,77
2025-07-19,direct,none,ES,147,1,136.51,132,52
2025-07-20,google,cpc,ES,121,0,0.0,108,46
2025-07-20,meta,social,FR,185,0,0.0,166,48
2025-07-20,email,email,ES,172,0,0.0,154,48
2025-07-20,direct,none,ES,77,1,163.58,69,22
2025-07-21,google,cpc,ES,161,1,326.2,144,69
2025-07-21,meta,social,ES,372,2,639.56,334,163
2025-07-21,email,email,FR,193,0,0.0,173,110
2025-07-21,direct,none,ES,98,0,0.0,88,47
2025-07-22,google,cpc,IT,182,1,331.93,163,107
2025-07-22,meta,social,IT,203,1,364.53,182,99
2025-07-22,email,email,IT,376,1,240.27,338,148
2025-07-22,direct,none,ES,394,1,74.11,354,152
2025-07-23,google,cpc,IT,250,1,239.56,225,79
2025-07-23,meta,social,IT,395,0,0.0,355,108
2025-07-23,email,email,FR,357,3,349.36,321,209
2025-07-23,direct,none,IT,274,0,0.0,246,138
2025-07-24,google,cpc,FR,229,0,0.0,206,104
2025-07-24,meta,social,ES,111,0,0.0,99,60
2025-07-24,email,email,ES,356,2,134.36,320,140
2025-07-24,direct,none,ES,330,0,0.0,297,160
2025-07-25,google,cpc,FR,355,0,0.0,319,140
2025-07-25,meta,social,IT,208,0,0.0,187,107
2025-07-25,email,email,ES,59,0,0.0,53,34
2025-07-25,direct,none,ES,292,0,0.0,262,103
2025-07-26,google,cpc,FR,311,1,245.45,279,139
2025-07-26,meta,social,IT,315,3,887.68,283,108
2025-07-26,email,email,FR,301,2,560.27,270,108
2025-07-26,direct,none,FR,327,2,731.74,294,123
2025-07-27,google,cpc,IT,186,1,317.46,167,100
2025-07-27,meta,social,FR,308,3,953.99,277,128
2025-07-27,email,email,FR,223,0,0.0,200,44
2025-07-27,direct,none,ES,28,1,52.3,25,11
2025-07-28,google,cpc,FR,129,0,0.0,116,69
2025-07-28,meta,social,IT,304,1,83.0,273,130
2025-07-28,email,email,ES,318,2,667.75,286,95
2025-07-28,direct,none,FR,312,1,306.99,280,112
2025-07-29,google,cpc,FR,186,0,0.0,167,96
2025-07-29,meta,social,FR,324,0,0.0,291,148
2025-07-29,email,email,ES,198,1,195.78,178,109
2025-07-29,direct,none,FR,136,0,0.0,122,67
2025-07-30,google,cpc,FR,215,2,128.83,193,47
2025-07-30,meta,social,FR,98,1,389.86,88,21
2025-07-30,email,email,ES,168,0,0.0,151,86
2025-07-30,direct,none,IT,263,0,0.0,236,112
2025-07-31,google,cpc,ES,63,1,320.84,56,22
2025-07-31,meta,social,FR,269,2,237.27,242,96
2025-07-31,email,email,FR,56,1,163.19,50,17
2025-07-31,direct,none,IT,65,1,198.24,58,15
